{"cameraMode":{"drawMode":0,"name":"Shaded","section":"Shading Mode"},"sceneLighting":true,"audioPlay":false,"sceneViewState":{"m_AlwaysRefresh":false,"showFog":true,"showSkybox":true,"showFlares":true,"showImageEffects":true,"showParticleSystems":true,"showVisualEffectGraphs":true,"m_FxEnabled":true},"in2DMode":false,"pivot":{"x":5.736824035644531,"y":13.132987022399903,"z":2.494882583618164},"rotation":{"x":0.01048465445637703,"y":-0.05397099629044533,"z":0.0005657392321154475,"w":0.9984905123710632},"size":48.52499771118164,"orthographic":true}